Workbook

Sheet Raw Data
A1: Customer Transaction Data – Excel Using Data Science Project
A2: Customer ID | B2: Customer Name | C2: Region | D2: Purchase Date | E2: Product Category | F2: Units Sold | G2: Unit Price (₹) | H2: Total Revenue (₹)
A3: C1001 | B3: Amit Sharma | C3: North | D3: 2024-01-15 | E3: Electronics | F3: 4 | G3: 199 | H3: =F3*G3 -> 796
A4: C1002 | B4: Priya Verma | C4: South | D4: 2024-02-10 | E4: Clothing | F4: 9 | G4: 299 | H4: =F4*G4 -> 2691
A5: C1003 | B5: Rahul Singh | C5: East | D5: 2024-03-05 | E5: Furniture | F5: 8 | G5: 299 | H5: =F5*G5 -> 2392
A6: C1004 | B6: Sneha Patel | C6: West | D6: 2024-04-20 | E6: Groceries | F6: 4 | G6: 1999 | H6: =F6*G6 -> 7996
A7: C1005 | B7: Vikram Nair | C7: North | D7: 2024-05-18 | E7: Sports | F7: 18 | G7: 199 | H7: =F7*G7 -> 3582
A8: C1006 | B8: Ananya Roy | C8: South | D8: 2024-06-22 | E8: Electronics | F8: 19 | G8: 999 | H8: =F8*G8 -> 18981
A9: C1007 | B9: Karan Mehta | C9: East | D9: 2024-07-08 | E9: Clothing | F9: 2 | G9: 199 | H9: =F9*G9 -> 398
A10: C1008 | B10: Divya Joshi | C10: West | D10: 2024-08-14 | E10: Furniture | F10: 3 | G10: 299 | H10: =F10*G10 -> 897
A11: C1009 | B11: Rohan Gupta | C11: North | D11: 2024-09-30 | E11: Groceries | F11: 8 | G11: 1499 | H11: =F11*G11 -> 11992
A12: C1010 | B12: Pooja Yadav | C12: South | D12: 2024-10-11 | E12: Sports | F12: 20 | G12: 199 | H12: =F12*G12 -> 3980
A13: C1011 | B13: Arun Kumar | C13: East | D13: 2024-11-25 | E13: Electronics | F13: 18 | G13: 299 | H13: =F13*G13 -> 5382
A14: C1012 | B14: Meera Iyer | C14: West | D14: 2024-12-03 | E14: Clothing | F14: 18 | G14: 999 | H14: =F14*G14 -> 17982
... A32: C1030 | B32: Tanvi Shah | C32: South | D32: 2024-06-22 | E32: Sports | F32: 20 | G32: 2499 | H32: =F32*G32 -> 49980

Sheet RFM Analysis
A1: RFM Customer Segmentation Analysis
A2: Customer ID | B2: Customer Name | C2: Region | D2: Total Revenue (₹) | E2: Units Sold | F2: Avg Order Value (₹) | G2: Recency Score | H2: Frequency Score | I2: Monetary Score | J2: RFM Total Score | K2: Segment
A3: C1001 | B3: Amit Sharma | C3: North | D3: ='Raw Data'!H3 -> 796 | E3: ='Raw Data'!F3 -> 4 | F3: =IFERROR(D3/E3,0) -> 199 | G3: 5 | H3: 8 | I3: =RANK(D3,'RFM Analysis'!$D$3:$D$32,1) -> 2 | J3: =G3+H3+I3 -> 15 | K3: =IF(J3>=18,"High Value",IF(J3>=10,"Mid Value","Low Value")) -> Mid Value | M3: SEARCH HERE
A4: C1002 | B4: Priya Verma | C4: South | D4: ='Raw Data'!H4 -> 2691 | E4: ='Raw Data'!F4 -> 9 | F4: =IFERROR(D4/E4,0) -> 299 | G4: 2 | H4: 3 | I4: =RANK(D4,'RFM Analysis'!$D$3:$D$32,1) -> 8 | J4: =G4+H4+I4 -> 13 | K4: =IF(J4>=18,"High Value",IF(J4>=10,"Mid Value","Low Value")) -> Mid Value | M4: Customer_id | N4: C1021
A5: C1003 | B5: Rahul Singh | C5: East | D5: ='Raw Data'!H5 -> 2392 | E5: ='Raw Data'!F5 -> 8 | F5: =IFERROR(D5/E5,0) -> 299 | G5: 4 | H5: 6 | I5: =RANK(D5,'RFM Analysis'!$D$3:$D$32,1) -> 6 | J5: =G5+H5+I5 -> 16 | K5: =IF(J5>=18,"High Value",IF(J5>=10,"Mid Value","Low Value")) -> Mid Value | M5: Name | N5: =VLOOKUP(N4,A2:K32,2,FALSE) -> Sanjay Ghosh
A6: C1004 | B6: Sneha Patel | C6: West | D6: ='Raw Data'!H6 -> 7996 | E6: ='Raw Data'!F6 -> 4 | F6: =IFERROR(D6/E6,0) -> 1999 | G6: 3 | H6: 4 | I6: =RANK(D6,'RFM Analysis'!$D$3:$D$32,1) -> 19 | J6: =G6+H6+I6 -> 26 | K6: =IF(J6>=18,"High Value",IF(J6>=10,"Mid Value","Low Value")) -> High Value | M6: Region | N6: =VLOOKUP(N4,A2:K32,3,FALSE) -> North
A7: C1005 | B7: Vikram Nair | C7: North | D7: ='Raw Data'!H7 -> 3582 | E7: ='Raw Data'!F7 -> 18 | F7: =IFERROR(D7/E7,0) -> 199 | G7: 5 | H7: 9 | I7: =RANK(D7,'RFM Analysis'!$D$3:$D$32,1) -> 11 | J7: =G7+H7+I7 -> 25 | K7: =IF(J7>=18,"High Value",IF(J7>=10,"Mid Value","Low Value")) -> High Value | M7: Total Revenue | N7: =VLOOKUP(N4,A2:K32,4,FALSE) -> 2997
A8: C1006 | B8: Ananya Roy | C8: South | D8: ='Raw Data'!H8 -> 18981 | E8: ='Raw Data'!F8 -> 19 | F8: =IFERROR(D8/E8,0) -> 999 | G8: 1 | H8: 2 | I8: =RANK(D8,'RFM Analysis'!$D$3:$D$32,1) -> 26 | J8: =G8+H8+I8 -> 29 | K8: =IF(J8>=18,"High Value",IF(J8>=10,"Mid Value","Low Value")) -> High Value | M8: Unit sold | N8: =VLOOKUP(N4,A2:K32,5,FALSE) -> 3
A9: C1007 | B9: Karan Mehta | C9: East | D9: ='Raw Data'!H9 -> 398 | E9: ='Raw Data'!F9 -> 2 | F9: =IFERROR(D9/E9,0) -> 199 | G9: 4 | H9: 7 | I9: =RANK(D9,'RFM Analysis'!$D$3:$D$32,1) -> 1 | J9: =G9+H9+I9 -> 12 | K9: =IF(J9>=18,"High Value",IF(J9>=10,"Mid Value","Low Value")) -> Mid Value | M9: RFM segment | N9: =VLOOKUP(N4,A2:K32,10,FALSE) -> 17
A10: C1008 | B10: Divya Joshi | C10: West | D10: ='Raw Data'!H10 -> 897 | E10: ='Raw Data'!F10 -> 3 | F10: =IFERROR(D10/E10,0) -> 299 | G10: 2 | H10: 3 | I10: =RANK(D10,'RFM Analysis'!$D$3:$D$32,1) -> 3 | J10: =G10+H10+I10 -> 8 | K10: =IF(J10>=18,"High Value",IF(J10>=10,"Mid Value","Low Value")) -> Low Value
A11: C1009 | B11: Rohan Gupta | C11: North | D11: ='Raw Data'!H11 -> 11992 | E11: ='Raw Data'!F11 -> 8 | F11: =IFERROR(D11/E11,0) -> 1499 | G11: 3 | H11: 5 | I11: =RANK(D11,'RFM Analysis'!$D$3:$D$32,1) -> 21 | J11: =G11+H11+I11 -> 29 | K11: =IF(J11>=18,"High Value",IF(J11>=10,"Mid Value","Low Value")) -> High Value
A12: C1010 | B12: Pooja Yadav | C12: South | D12: ='Raw Data'!H12 -> 3980 | E12: ='Raw Data'!F12 -> 20 | F12: =IFERROR(D12/E12,0) -> 199 | G12: 5 | H12: 8 | I12: =RANK(D12,'RFM Analysis'!$D$3:$D$32,1) -> 12 | J12: =G12+H12+I12 -> 25 | K12: =IF(J12>=18,"High Value",IF(J12>=10,"Mid Value","Low Value")) -> High Value
A13: C1011 | B13: Arun Kumar | C13: East | D13: ='Raw Data'!H13 -> 5382 | E13: ='Raw Data'!F13 -> 18 | F13: =IFERROR(D13/E13,0) -> 299 | G13: 2 | H13: 3 | I13: =RANK(D13,'RFM Analysis'!$D$3:$D$32,1) -> 16 | J13: =G13+H13+I13 -> 21 | K13: =IF(J13>=18,"High Value",IF(J13>=10,"Mid Value","Low Value")) -> High Value
A14: C1012 | B14: Meera Iyer | C14: West | D14: ='Raw Data'!H14 -> 17982 | E14: ='Raw Data'!F14 -> 18 | F14: =IFERROR(D14/E14,0) -> 999 | G14: 4 | H14: 7 | I14: =RANK(D14,'RFM Analysis'!$D$3:$D$32,1) -> 24 | J14: =G14+H14+I14 -> 35 | K14: =IF(J14>=18,"High Value",IF(J14>=10,"Mid Value","Low Value")) -> High Value
A15: C1013 | B15: Suresh Reddy | C15: North | D15: ='Raw Data'!H15 -> 7992 | E15: ='Raw Data'!F15 -> 8 | F15: =IFERROR(D15/E15,0) -> 999 | G15: 3 | H15: 4 | I15: =RANK(D15,'RFM Analysis'!$D$3:$D$32,1) -> 18 | J15: =G15+H15+I15 -> 25 | K15: =IF(J15>=18,"High Value",IF(J15>=10,"Mid Value","Low Value")) -> High Value
A16: C1014 | B16: Kavya Nair | C16: South | D16: ='Raw Data'!H16 -> 9481 | E16: ='Raw Data'!F16 -> 19 | F16: =IFERROR(D16/E16,0) -> 499 | G16: 1 | H16: 2 | I16: =RANK(D16,'RFM Analysis'!$D$3:$D$32,1) -> 20 | J16: =G16+H16+I16 -> 23 | K16: =IF(J16>=18,"High Value",IF(J16>=10,"Mid Value","Low Value")) -> High Value
A17: C1015 | B17: Nikhil Das | C17: East | D17: ='Raw Data'!H17 -> 2499 | E17: ='Raw Data'!F17 -> 1 | F17: =IFERROR(D17/E17,0) -> 2499 | G17: 5 | H17: 9 | I17: =RANK(D17,'RFM Analysis'!$D$3:$D$32,1) -> 7 | J17: =G17+H17+I17 -> 21 | K17: =IF(J17>=18,"High Value",IF(J17>=10,"Mid Value","Low Value")) -> High Value
A18: C1016 | B18: Simran Kaur | C18: West | D18: ='Raw Data'!H18 -> 11994 | E18: ='Raw Data'!F18 -> 6 | F18: =IFERROR(D18/E18,0) -> 1999 | G18: 2 | H18: 3 | I18: =RANK(D18,'RFM Analysis'!$D$3:$D$32,1) -> 22 | J18: =G18+H18+I18 -> 27 | K18: =IF(J18>=18,"High Value",IF(J18>=10,"Mid Value","Low Value")) -> High Value
A19: C1017 | B19: Arjun Menon | C19: North | D19: ='Raw Data'!H19 -> 6986 | E19: ='Raw Data'!F19 -> 14 | F19: =IFERROR(D19/E19,0) -> 499 | G19: 4 | H19: 6 | I19: =RANK(D19,'RFM Analysis'!$D$3:$D$32,1) -> 17 | J19: =G19+H19+I19 -> 27 | K19: =IF(J19>=18,"High Value",IF(J19>=10,"Mid Value","Low Value")) -> High Value
A20: C1018 | B20: Ritu Bose | C20: South | D20: ='Raw Data'!H20 -> 2691 | E20: ='Raw Data'!F20 -> 9 | F20: =IFERROR(D20/E20,0) -> 299 | G20: 3 | H20: 4 | I20: =RANK(D20,'RFM Analysis'!$D$3:$D$32,1) -> 8 | J20: =G20+H20+I20 -> 15 | K20: =IF(J20>=18,"High Value",IF(J20>=10,"Mid Value","Low Value")) -> Mid Value
A21: C1019 | B21: Deepak Tiwari | C21: East | D21: ='Raw Data'!H21 -> 17493 | E21: ='Raw Data'!F21 -> 7 | F21: =IFERROR(D21/E21,0) -> 2499 | G21: 5 | H21: 8 | I21: =RANK(D21,'RFM Analysis'!$D$3:$D$32,1) -> 23 | J21: =G21+H21+I21 -> 36 | K21: =IF(J21>=18,"High Value",IF(J21>=10,"Mid Value","Low Value")) -> High Value
... A32: C1030 | B32: Tanvi Shah | C32: South | D32: ='Raw Data'!H32 -> 49980 | E32: ='Raw Data'!F32 -> 20 | F32: =IFERROR(D32/E32,0) -> 2499 | G32: 4 | H32: 6 | I32: =RANK(D32,'RFM Analysis'!$D$3:$D$32,1) -> 30 | J32: =G32+H32+I32 -> 40 | K32: =IF(J32>=18,"High Value",IF(J32>=10,"Mid Value","Low Value")) -> High Value
A34: Segment Legend
A35: High Value | D35: RFM ≥ 18 — Best customers; high spend, frequent buyers
A36: Mid Value | D36: RFM 10–17 — Occasional buyers; moderate spend
A37: Low Value | D37: RFM < 10 — Rare buyers; needs re-engagement

Sheet Summary Stats
A1: Summary Statistics & Formulas Used
A2: Metric | B2: Formula Used | C2: Value | E2: Region-wise Revenue
A3: Total Customers | B3: COUNTA | C3: =COUNTA('Raw Data'!A3:A32) -> 30 | E3: North | F3: =SUMIF('Raw Data'!C3:C32,"North",'Raw Data'!H3:H32) -> 63333
A4: Total Revenue (₹) | B4: SUM | C4: =SUM('Raw Data'!H3:H32) -> 293812 | E4: South | F4: =SUMIF('Raw Data'!C3:C32,"South",'Raw Data'!H3:H32) -> 112285
A5: Average Revenue | B5: AVERAGE | C5: =AVERAGE('Raw Data'!H3:H32) -> 9793.7333 | E5: East | F5: =SUMIF('Raw Data'!C3:C32,"East",'Raw Data'!H3:H32) -> 50148
A6: Max Revenue | B6: MAX | C6: =MAX('Raw Data'!H3:H32) -> 49980 | E6: West | F6: =SUMIF('Raw Data'!C3:C32,"West",'Raw Data'!H3:H32) -> 68046
A7: Min Revenue | B7: MIN | C7: =MIN('Raw Data'!H3:H32) -> 398
A8: Std Dev of Revenue | B8: STDEV | C8: =STDEV('Raw Data'!H3:H32) -> 10634.022
A9: High Value Count | B9: COUNTIF | C9: =COUNTIF('RFM Analysis'!K3:K32,"High Value") -> 20
A10: Mid Value Count | B10: COUNTIF | C10: =COUNTIF('RFM Analysis'!K3:K32,"Mid Value") -> 8
A11: Low Value Count | B11: COUNTIF | C11: =COUNTIF('RFM Analysis'!K3:K32,"Low Value") -> 2
A12: High Value Revenue | B12: SUMIF | C12: =SUMIF('RFM Analysis'!K3:K32,"High Value",'RFM Analysis'!D3:D32) -> 272767
A13: Mid Value Revenue | B13: SUMIF | C13: =SUMIF('RFM Analysis'!K3:K32,"Mid Value",'RFM Analysis'!D3:D32) -> 17959
A14: Low Value Revenue | B14: SUMIF | C14: =SUMIF('RFM Analysis'!K3:K32,"Low Value",'RFM Analysis'!D3:D32) -> 3086
A15: % High Value | B15: COUNTIF / COUNTA | C15: =COUNTIF('RFM Analysis'!K3:K32,"High Value")/COUNTA('RFM Analysis'!K3:K32) -> 0.66666667
A16: Top Region Revenue | B16: MAXIFS | C16: North
A17: Avg Units Sold | B17: AVERAGE | C17: =AVERAGE('Raw Data'!F3:F32) -> 9.6
A18: Searching value | B18: VLOOKUP | C18: =VLOOKUP('RFM Analysis'!N4,'RFM Analysis'!A2:K32,1,FALSE) -> C1021

Sheet Dashboard
A1: 📊 Customer Segmentation Dashboard
A3: Total Customers | D3: Total Revenue | G3: Avg Revenue | J3: High Value Cust
A4: ='Summary Stats'!C3 -> 30 | D4: ='Summary Stats'!C4 -> 293812 | G4: ='Summary Stats'!C5 -> 9793.7333 | J4: ='Summary Stats'!C9 -> 20
O6: Region | P6: Revenue
C7: Segment | D7: Count | I7: Segment | J7: Revenue | O7: North | P7: ='Summary Stats'!F3 -> 63333
C8: High Value | D8: ='Summary Stats'!C9 -> 20 | I8: High Value | J8: ='Summary Stats'!C12 -> 272767 | O8: South | P8: ='Summary Stats'!F4 -> 112285
C9: Mid Value | D9: ='Summary Stats'!C10 -> 8 | I9: Mid Value | J9: ='Summary Stats'!C13 -> 17959 | O9: East | P9: ='Summary Stats'!F5 -> 50148
C10: Low Value | D10: ='Summary Stats'!C11 -> 2 | I10: Low Value | J10: ='Summary Stats'!C14 -> 3086 | O10: West | P10: ='Summary Stats'!F6 -> 68046

Sheet Formula Glossary
A1: Formula Glossary – Formulas Used in This Project
A2: # | B2: Formula | C2: Purpose | D2: Example
A3: 1 | B3: SUM() | C3: Adds all values in a range | D3: SUM('Raw Data'!H3:H32)
A4: 2 | B4: AVERAGE() | C4: Calculates mean of values | D4: AVERAGE('Raw Data'!H3:H32)
A5: 3 | B5: COUNT() | C5: Counts numeric cells | D5: COUNT('Raw Data'!H3:H32)
A6: 4 | B6: COUNTA() | C6: Counts non-empty cells (text + numbers) | D6: COUNTA('Raw Data'!A3:A32)
A7: 5 | B7: COUNTIF() | C7: Counts cells matching a condition | D7: COUNTIF('RFM Analysis'!K3:K32,"High Value")
A8: 6 | B8: SUMIF() | C8: Sums values where condition is true | D8: SUMIF('RFM Analysis'!K3:K32,"High Value",'RFM Analysis'!D3:D32)
A9: 7 | B9: MAX() | C9: Returns largest value in range | D9: MAX('Raw Data'!H3:H32)
A10: 8 | B10: MIN() | C10: Returns smallest value in range | D10: MIN('Raw Data'!H3:H32)
A11: 9 | B11: STDEV() | C11: Measures spread / variability of data | D11: STDEV('Raw Data'!H3:H32)
A12: 10 | B12: IF() | C12: Returns value based on condition (True/False) | D12: IF(J3>=18,"High Value","Low Value")
A13: 11 | B13: IFERROR() | C13: Handles errors gracefully | D13: IFERROR(D3/E3,0)
A14: 12 | B14: RANK() | C14: Ranks a value within a range | D14: RANK(D3,'RFM Analysis'!$D$3:$D$32,1)
... A18: 16 | B18: Vlookup | C18: To efficiently find, merge, or cross-reference data across large datasets based on a shared identifier. | D18: VLOOKUP('RFM Analysis'!N4,'RFM Analysis'!A2:K32,1,FALSE)
